Square_Feet,Price,Year_Built,Year_Renovated,Location,Price_per_sqft,Age_of_House,Renovation_Status
1360,232824.6448311177,1944,2015,CITY CENTER,171.19459178758655,81,Renovated
4272,760904.7764818922,1919,2020,SUBURB,178.1144139704804,106,Renovated
3592,845634.8759173417,1916,2020,CITY CENTER,235.42173605716638,109,Renovated
966,217071.27353835842,2018,0,NEAR BAY,224.7114632902261,7,Not Renovated
4926,742040.3786896815,1970,0,NEAR BAY,150.63751089924514,55,Not Renovated
3944,412170.7839891693,1903,2020,CITY CENTER,104.50577687352163,122,Renovated
3671,775548.462470302,1992,2000,SUBURB,211.26354194233232,33,Renovated
3419,531401.4380594176,1913,2020,NEAR BAY,155.42598363832045,112,Renovated
630,52333.50325223954,1902,2020,INLAND,83.0690527813326,123,Renovated
2185,601187.6195503756,1987,2010,NEAR BAY,275.1430753090964,38,Renovated
1269,282740.13432666287,2000,2010,INLAND,222.8054644024136,25,Renovated
2891,638321.1322459717,1979,2010,SUBURB,220.79596411137035,46,Renovated
2933,749809.6270122349,1957,2000,INLAND,255.64596897791847,68,Renovated
1684,307187.5667137891,1954,2000,INLAND,182.41541966377028,71,Renovated
3885,985871.6135858864,2015,2020,INLAND,253.76360710061428,10,Renovated
4617,805771.2522400783,1903,2010,INLAND,174.52268837775142,122,Renovated
3404,227366.2653282693,2019,2000,NEAR BAY,66.79384997892753,6,Renovated
974,147377.9094347422,1923,0,INLAND,151.31202200692218,102,Not Renovated
1582,275847.3655690467,1933,2020,NEAR BAY,174.36622349497262,92,Renovated
3058,703494.8736578901,1929,2015,INLAND,230.05064540807393,96,Renovated
2547,195214.00640943338,1981,2020,CITY CENTER,76.64468253216859,44,Renovated
3247,276010.04875761946,1918,2015,SUBURB,85.00463466511225,107,Renovated
1475,170983.4022215148,1930,2010,INLAND,115.9209506586541,95,Renovated
2306,268936.3237783136,1959,2015,CITY CENTER,116.62459834272055,66,Renovated
689,160568.79363957347,1959,2010,INLAND,233.04614461476555,66,Renovated
3234,364415.7390640518,1918,0,INLAND,112.68266514039945,107,Not Renovated
3505,730002.1780169634,1948,2015,INLAND,208.2745158393619,77,Renovated
2399,416390.7416204283,1962,2020,CITY CENTER,173.56846253456786,63,Renovated
1767,341602.7915607502,2009,2010,SUBURB,193.32359454485015,16,Renovated
2028,526320.2303313959,1982,2020,CITY CENTER,259.5267407945739,43,Renovated
3702,559355.079683622,1921,2000,SUBURB,151.09537538725607,104,Renovated
4056,984504.1363431703,1923,2010,INLAND,242.72784426606762,102,Renovated
4390,682684.5753568794,2008,2015,NEAR BAY,155.50901488767184,17,Renovated
1146,158684.14938479796,1975,2010,INLAND,138.46784414031237,50,Renovated
3388,981357.219184298,1929,2020,SUBURB,289.6567943283052,96,Renovated
2935,282032.16304818925,1957,0,CITY CENTER,96.0927301697408,68,Not Renovated
1100,79842.66415884218,2001,2010,INLAND,72.58424014440197,24,Renovated
2863,694983.1762020187,2016,2015,CITY CENTER,242.74648138386962,9,Renovated
2561,171746.87385295713,1930,2000,CITY CENTER,67.0624263385229,95,Renovated
741,192118.88302773618,1999,0,CITY CENTER,259.26974767575734,26,Not Renovated
2541,404777.1050359389,1963,2000,INLAND,159.29834908931088,62,Renovated
3324,926991.8658295806,1918,2010,CITY CENTER,278.8784193229785,107,Renovated
3112,716952.5659528426,1947,2020,CITY CENTER,230.3832152804764,78,Renovated
1863,377445.9736589563,1944,2020,INLAND,202.6011667519894,81,Renovated
1978,568332.2111450651,1999,2015,CITY CENTER,287.3266992644414,26,Renovated
3056,455840.1210117694,1993,2020,INLAND,149.16234326301355,32,Renovated
1275,367865.211022008,1954,0,SUBURB,288.52173413490823,71,Not Renovated
4514,378048.94156983204,2012,2020,SUBURB,83.75031935530174,13,Renovated
534,91281.2847479771,1954,2015,SUBURB,170.9387354831032,71,Renovated
3652,429028.9460440739,1996,2010,CITY CENTER,117.47780559804872,29,Renovated
2455,454078.5055549037,1917,2010,NEAR BAY,184.96069472704835,108,Renovated
2085,188699.73385098844,1962,2020,NEAR BAY,90.50346947289614,63,Renovated
4443,1156879.0701893806,2015,2000,CITY CENTER,260.3824150775108,10,Renovated
3573,934703.8114002282,2012,2010,NEAR BAY,261.6019623286393,13,Renovated
1521,439278.60791310284,2022,2020,INLAND,288.80907818086973,3,Renovated
3961,351214.08750962466,1991,2015,NEAR BAY,88.66803522080906,34,Renovated
3113,640758.557741809,2022,2020,CITY CENTER,205.83313772624768,3,Renovated
4343,732053.1579214262,1946,2010,CITY CENTER,168.5593271750924,79,Renovated
2000,272191.8660221166,1974,2015,INLAND,136.09593301105832,51,Renovated
661,91142.01162742966,1956,2020,SUBURB,137.8850402835547,69,Renovated
4797,734892.6655651475,2023,0,CITY CENTER,153.19838765168805,2,Not Renovated
2481,561280.0721945731,2017,2015,INLAND,226.23138742223827,8,Renovated
1495,298359.4142777228,1944,0,NEAR BAY,199.5715145670387,81,Not Renovated
3842,633624.0930070664,1932,2000,NEAR BAY,164.92037819028278,93,Renovated
4298,296490.4494421589,1916,2015,INLAND,68.98335259240552,109,Renovated
1775,123258.3714350372,1969,0,INLAND,69.44133601973927,56,Not Renovated
1516,76686.62904716996,1903,2010,CITY CENTER,50.584847656444566,122,Renovated
837,244341.09698233285,1919,2010,NEAR BAY,291.9248470517716,106,Renovated
1378,70709.94049336361,2011,2000,INLAND,51.31345463959624,14,Renovated
1576,119418.93592941547,1946,2015,NEAR BAY,75.77343650343622,79,Renovated
4493,578020.5824361708,1990,2015,INLAND,128.64913920235273,35,Renovated
879,221382.79783673328,1914,2015,NEAR BAY,251.8575629541903,111,Renovated
992,288200.49886950117,1969,2000,SUBURB,290.5246964410294,56,Renovated
2562,634103.6844061838,1946,2015,CITY CENTER,247.503389697964,79,Renovated
4384,976054.0147604222,1977,2010,NEAR BAY,222.64005811141016,48,Renovated
564,101703.39410531329,2023,0,SUBURB,180.32516685339235,2,Not Renovated
3068,219902.89749829483,1974,2010,NEAR BAY,71.6763029655459,51,Renovated
2527,731674.398480233,2002,2010,NEAR BAY,289.5426982509826,23,Renovated
3195,765515.9406391131,1908,0,SUBURB,239.59810348642037,117,Not Renovated
1995,418426.00593546306,1989,2010,NEAR BAY,209.73734633356545,36,Renovated
891,213625.2345937788,1915,2000,NEAR BAY,239.75896138471245,110,Renovated
4974,1149122.4899511477,1968,0,CITY CENTER,231.0258323182846,57,Not Renovated
4061,849999.3613812765,2020,2010,SUBURB,209.30789494737172,5,Renovated
2778,819910.5877250017,2015,2020,SUBURB,295.14420004499704,10,Renovated
3599,992751.5904192635,1960,2010,INLAND,275.84095315900623,65,Renovated
700,148166.3608455036,1909,2000,NEAR BAY,211.66622977929086,116,Renovated
3604,804750.8655226892,1949,2015,CITY CENTER,223.2938028642312,76,Renovated
2954,185803.50321745733,1902,2010,NEAR BAY,62.8989516646775,123,Renovated
4145,901451.9726399782,1976,2015,NEAR BAY,217.4793661375098,49,Renovated
1304,79597.93269349266,2006,2020,INLAND,61.04135942752505,19,Renovated
3231,636720.0496924617,2012,2010,NEAR BAY,197.06593924248273,13,Renovated
3273,981371.0010197444,1993,0,CITY CENTER,299.8383748914587,32,Not Renovated
2070,391129.9058937404,2017,2015,CITY CENTER,188.9516453592949,8,Renovated
3190,536885.0691698634,2008,2020,INLAND,168.30252952033334,17,Renovated
4340,556447.5193085625,1969,0,NEAR BAY,128.2137141263969,56,Not Renovated
1528,122439.62509642943,1980,0,CITY CENTER,80.13064469661612,45,Not Renovated
1002,233221.42970029954,2022,0,NEAR BAY,232.7559178645704,3,Not Renovated
4993,490061.73643341317,2008,0,NEAR BAY,98.1497569464076,17,Not Renovated
1370,107984.0922771949,1950,2010,NEAR BAY,78.8205053118211,75,Renovated
4988,775338.0366839491,2016,2010,INLAND,155.44066493262812,9,Renovated
706,175677.8343997807,1918,2010,NEAR BAY,248.83545948977437,107,Renovated
1984,468752.0158676293,1941,2020,CITY CENTER,236.2661370300551,84,Renovated
1363,86851.25094078634,1934,2020,NEAR BAY,63.72065366161874,91,Renovated
3290,538855.6809422383,1945,2020,CITY CENTER,163.785921259039,80,Renovated
1063,191986.98859091316,1925,2000,NEAR BAY,180.60864401779224,100,Renovated
4691,990442.084521433,2014,2020,CITY CENTER,211.13666265645554,11,Renovated
2257,479706.9274875915,1968,2010,CITY CENTER,212.54183761080705,57,Renovated
2178,307477.65232950303,1992,2010,NEAR BAY,141.17431236432645,33,Renovated
3742,711613.5149902874,1963,2000,NEAR BAY,190.1692985008785,62,Renovated
1559,265443.8692282327,1936,2000,CITY CENTER,170.26547096102163,89,Renovated
2222,602716.5870486826,1983,2020,SUBURB,271.24958913082025,42,Renovated
3814,696307.8039673773,1948,2015,INLAND,182.56628315872504,77,Renovated
3657,586063.6538782567,1920,2000,SUBURB,160.2580404370404,105,Renovated
3125,472254.25756394584,1973,0,SUBURB,151.12136242046267,52,Not Renovated
3229,623542.3088026652,1963,2010,NEAR BAY,193.10693985836645,62,Renovated
2097,526334.9314509206,1904,0,INLAND,250.99424485022445,121,Not Renovated
3560,657177.3264389009,1999,2010,SUBURB,184.6003725951969,26,Renovated
3193,687816.2435080423,1969,2010,NEAR BAY,215.41379377013538,56,Renovated
4127,967632.6875058071,1989,2000,SUBURB,234.46394172663125,36,Renovated
1863,335418.2971760194,1903,2000,SUBURB,180.04202746968298,122,Renovated
2481,388783.2793901796,2002,0,NEAR BAY,156.7042641637161,23,Not Renovated
2163,582206.8030791195,1938,2010,NEAR BAY,269.1663444656124,87,Renovated
2029,313229.96112314827,2013,0,NEAR BAY,154.37652100697304,12,Not Renovated
2538,420002.73869021033,1934,2015,INLAND,165.4857126438969,91,Renovated
3802,1131419.418331359,1900,0,SUBURB,297.5853283354443,125,Not Renovated
2737,137012.52550679902,1923,2020,NEAR BAY,50.059380893971145,102,Renovated
1806,174041.0186738902,1956,0,CITY CENTER,96.36822739418062,69,Not Renovated
4529,661193.1143616094,1999,2020,SUBURB,145.99097247993143,26,Renovated
3175,898993.2406062945,1969,2020,CITY CENTER,283.14747735631323,56,Renovated
1782,120298.23391049835,1940,2020,INLAND,67.50742643686776,85,Renovated
1209,63316.97231421354,1953,2015,NEAR BAY,52.37135840712452,72,Renovated
4913,310358.921539031,1945,0,CITY CENTER,63.17095899430715,80,Not Renovated
4248,306433.1020716625,1959,0,INLAND,72.13585265340454,66,Not Renovated
1163,69081.26180972035,2007,2015,NEAR BAY,59.39919330156522,18,Renovated
2498,424523.4386218873,1959,2010,CITY CENTER,169.9453317141262,66,Renovated
3945,770021.795627952,1956,2000,CITY CENTER,195.18930180683193,69,Renovated
4243,500341.9545614461,1930,0,INLAND,117.92174276725102,95,Not Renovated
1995,298395.8327578482,1983,2000,NEAR BAY,149.57184599390888,42,Renovated
3804,277406.06769097,1923,2015,NEAR BAY,72.92483377785753,102,Renovated
4263,571636.8218251409,1988,2010,CITY CENTER,134.09261595710552,37,Renovated
2353,425021.9144790082,1935,2010,CITY CENTER,180.62979790863076,90,Renovated
1791,417424.70166692487,1984,2010,CITY CENTER,233.06795179616128,41,Renovated
4081,207464.12587434956,1929,2015,NEAR BAY,50.836590510744806,96,Renovated
3957,660137.1757973728,1923,2020,INLAND,166.82769163441316,102,Renovated
2136,265399.5360269071,2007,2020,INLAND,124.25071911372055,18,Renovated
4196,1104410.0909548043,2005,2000,NEAR BAY,263.2054554229753,20,Renovated
3499,800880.2625011532,1929,2020,SUBURB,228.8883288085605,96,Renovated
3652,720456.091971927,1985,2020,INLAND,197.2771336177237,40,Renovated
1198,142941.0608861837,1991,2010,CITY CENTER,119.3164114241934,34,Renovated
2660,738375.5028682604,1906,2010,SUBURB,277.5847755143836,119,Renovated
4597,281681.9532954564,1934,2000,SUBURB,61.275169305080794,91,Renovated
1354,104754.78215288048,1954,0,INLAND,77.36689966977879,71,Not Renovated
3974,587784.5446268438,1991,2000,SUBURB,147.90753513508903,34,Renovated
2207,179008.42223854052,1913,2000,SUBURB,81.10938932421409,112,Renovated
3277,947393.560225559,2019,2015,INLAND,289.1039243898563,6,Renovated
2233,557127.5390865437,1909,2015,INLAND,249.49733053584583,116,Renovated
4010,460130.1082308182,1979,2000,SUBURB,114.74566290045341,46,Renovated
702,138391.26718480457,1915,2000,CITY CENTER,197.13855724331137,110,Renovated
3755,1109912.7710314265,1953,2000,NEAR BAY,295.5826287700204,72,Renovated
4718,1278812.6947061075,1994,2020,SUBURB,271.0497445328757,31,Renovated
4996,1000197.2596063054,2005,2015,SUBURB,200.1996116105495,20,Renovated
1266,349328.6356109731,1988,2000,CITY CENTER,275.9309917938176,37,Renovated
4889,1453481.2560193778,1976,2010,SUBURB,297.2962274533397,49,Renovated
2827,666714.6075800689,1969,2010,SUBURB,235.83820572340605,56,Renovated
3431,227292.09273395236,1943,2020,NEAR BAY,66.24660237072351,82,Renovated
697,104825.35619714118,1972,2020,NEAR BAY,150.39505910637186,53,Renovated
2430,630479.1341845716,1944,0,NEAR BAY,259.45643382081136,81,Not Renovated
4082,439395.86431902193,1999,0,INLAND,107.64229895125476,26,Not Renovated
1108,285487.97741692304,1955,0,INLAND,257.66062943765616,70,Not Renovated
3772,302079.4525990012,2006,2020,NEAR BAY,80.08469050874899,19,Renovated
1647,101679.75080561201,1983,2020,NEAR BAY,61.73633928695325,42,Renovated
4782,698280.3260377889,1981,2020,INLAND,146.0226528728124,44,Renovated
3897,230636.0900378783,2021,2010,CITY CENTER,59.1829843566534,4,Renovated
3011,871135.1904606984,2006,2020,SUBURB,289.3175657458314,19,Renovated
2294,588528.9665378394,1956,2010,SUBURB,256.55142394849145,69,Renovated
1159,289973.0168458813,1920,0,NEAR BAY,250.19242178246876,105,Not Renovated
3311,686848.6757600657,1967,0,CITY CENTER,207.44448074903826,58,Not Renovated
1869,194527.39976382963,1949,0,INLAND,104.08100575913838,76,Not Renovated
2486,446398.81788937777,1932,2000,NEAR BAY,179.56509166909805,93,Renovated
646,128759.76269750007,1990,2000,CITY CENTER,199.31851810758525,35,Renovated
3719,674098.0379248343,1906,2015,CITY CENTER,181.25787521506703,119,Renovated
3411,392464.00452066486,1969,2015,CITY CENTER,115.05834198788182,56,Renovated
2234,399465.9657297744,1914,2015,INLAND,178.81198107868147,111,Renovated
2343,404862.39916379796,1981,2000,INLAND,172.79658521715663,44,Renovated
988,295494.9366242609,1931,2000,SUBURB,299.0839439516811,94,Renovated
3476,953672.0126521512,2019,2015,SUBURB,274.359037011551,6,Renovated
2459,407813.3149655523,1974,2015,CITY CENTER,165.84518705390497,51,Renovated
2885,593543.5874419543,1919,2020,CITY CENTER,205.73434573377966,106,Renovated
3419,810193.2535978323,1987,2015,INLAND,236.96790102305712,38,Renovated
2302,135164.8997145662,1914,2020,SUBURB,58.71629005845622,111,Renovated
4561,1248484.1733600444,1947,2010,CITY CENTER,273.73036030695994,78,Renovated
3869,1025407.6631802367,1970,2000,SUBURB,265.0317041044809,55,Renovated
762,125240.81462589123,1920,2015,SUBURB,164.3580244434268,105,Renovated
1123,165970.91182706662,1941,2000,CITY CENTER,147.79244152009494,84,Renovated
1516,179251.60307054335,1925,2000,INLAND,118.23984371407873,100,Renovated
4143,700868.0249431791,2007,2000,CITY CENTER,169.1692070825921,18,Renovated
2549,155729.02883655514,2019,2010,CITY CENTER,61.094165883309195,6,Renovated
4223,1110853.3228311036,1913,0,SUBURB,263.04838333675195,112,Not Renovated
3608,212350.97631352764,1956,2015,CITY CENTER,58.855592104636266,69,Renovated
4590,607086.4417619271,1936,0,INLAND,132.26284134246777,89,Not Renovated
2556,723085.6830358346,1957,0,CITY CENTER,282.89737207974747,68,Not Renovated
3670,858057.6105252679,1920,0,INLAND,233.8031636308632,105,Not Renovated
2182,262598.76899504085,1981,2000,INLAND,120.34774014438169,44,Renovated
2755,311762.0634655596,1968,2020,SUBURB,113.16227349022128,57,Renovated
1654,84801.46481475374,1902,2000,NEAR BAY,51.270534954506495,123,Renovated
4999,1119418.9374889752,1986,2000,NEAR BAY,223.92857321243753,39,Renovated
3691,229565.04998892048,1989,0,SUBURB,62.195895418293276,36,Not Renovated
2196,402198.7831510184,1936,2000,CITY CENTER,183.1506298501905,89,Renovated
4491,1304772.444727724,1987,0,SUBURB,290.53049314801245,38,Not Renovated
2148,166184.77784924174,1948,2020,INLAND,77.36721501361347,77,Renovated
1945,532190.8664332228,1918,2015,NEAR BAY,273.6199827420169,107,Renovated
4699,1399685.6499616452,2014,0,SUBURB,297.86883378626203,11,Not Renovated
4423,289172.45176403417,1988,2020,CITY CENTER,65.37925655980877,37,Renovated
753,203857.10516512708,1984,2015,SUBURB,270.72656728436533,41,Renovated
3683,659329.75807346,1911,2010,NEAR BAY,179.01975511090416,114,Renovated
3057,845653.1100855204,2020,0,SUBURB,276.62842986114504,5,Not Renovated
598,115312.18181697633,1960,0,SUBURB,192.82973547989351,65,Not Renovated
2700,581925.6068219311,1940,2010,NEAR BAY,215.52800252664113,85,Renovated
3461,643554.7001447497,1932,2010,INLAND,185.94472699934983,93,Renovated
4933,1312785.8446390375,1949,0,INLAND,266.12322007683713,76,Not Renovated
4277,998583.1808412456,2016,2010,NEAR BAY,233.47747973842544,9,Renovated
3369,607481.4979339545,1967,2000,SUBURB,180.31507804510372,58,Renovated
3734,997128.1105821192,2005,2015,NEAR BAY,267.04020101288677,20,Renovated
4291,477680.0547269102,2020,2015,INLAND,111.32138306383365,5,Renovated
1456,130072.00013171945,1970,2015,CITY CENTER,89.33516492563149,55,Renovated
4567,411486.82026060985,1985,2000,SUBURB,90.10002633251803,40,Renovated
660,88111.46499296425,2018,2010,INLAND,133.50221968630947,7,Renovated
4993,547594.831571495,1932,2020,SUBURB,109.67250782525437,93,Renovated
1800,508540.65772938234,1980,2010,NEAR BAY,282.52258762743463,45,Renovated
4487,343069.3947522141,1923,0,CITY CENTER,76.458523457146,102,Not Renovated
2027,455563.556501561,1960,2015,NEAR BAY,224.7476845098969,65,Renovated
1718,167170.65133766003,1960,2010,CITY CENTER,97.30538494625148,65,Renovated
4996,1350964.7788301671,1997,2020,SUBURB,270.4092831925875,28,Renovated
3604,1046345.0746546015,1927,0,SUBURB,290.32882204622683,98,Not Renovated
3235,538198.8695927243,1957,2000,NEAR BAY,166.3675021924959,68,Renovated
1454,392242.4830629259,1942,2000,CITY CENTER,269.76787005703295,83,Renovated
3946,202375.7109495261,1940,2020,CITY CENTER,51.28629268867869,85,Renovated
1545,393954.4968488787,1938,0,SUBURB,254.98672935202504,87,Not Renovated
2193,234993.74480603935,1985,2015,NEAR BAY,107.15629038123089,40,Renovated
3936,1090962.0883210578,1948,2010,CITY CENTER,277.17532731734195,77,Renovated
1062,53397.38959796907,1916,0,SUBURB,50.280027870027375,109,Not Renovated
2985,564300.6197734186,1997,2000,INLAND,189.04543375993924,28,Renovated
3854,921718.5969467845,1969,2020,NEAR BAY,239.15895094623366,56,Renovated
725,83137.25993899582,2009,2020,INLAND,114.672082674477,16,Renovated
1459,143395.21235821515,1969,2010,NEAR BAY,98.28321614682328,56,Renovated
3567,253344.59166932534,1997,2020,SUBURB,71.02455611699617,28,Renovated
1315,173065.03827545754,1964,2020,CITY CENTER,131.60839412582322,61,Renovated
3620,687659.1026394906,1973,0,CITY CENTER,189.96107807720736,52,Not Renovated
516,40743.857524653235,1984,2015,CITY CENTER,78.9609641950644,41,Renovated
1743,251295.0039857476,1904,2010,NEAR BAY,144.1738404966997,121,Renovated
2705,141385.21364640526,1901,0,SUBURB,52.26810116318124,124,Not Renovated
3024,770121.6418978804,1921,2015,INLAND,254.66985512496043,104,Renovated
1569,128834.00967205431,2011,0,SUBURB,82.11217952329784,14,Not Renovated
3944,476576.1469898634,1956,0,INLAND,120.8357370663954,69,Not Renovated
3065,167370.23948315912,1965,2020,NEAR BAY,54.606929684554366,60,Renovated
1560,246573.90571807983,1973,2015,NEAR BAY,158.0601959731281,52,Renovated
2827,735105.8720623564,1997,2010,INLAND,260.0303756853047,28,Renovated
3920,580308.1872162927,1915,2010,INLAND,148.03780286129916,110,Renovated
801,75994.33901562264,2011,2015,INLAND,94.87433085595835,14,Renovated
4776,1138716.4078563198,1950,2020,SUBURB,238.42470851262976,75,Renovated
1106,273405.1304872608,2024,2000,INLAND,247.2017454676861,1,Renovated
3670,342918.8135946925,1938,0,NEAR BAY,93.43836882689169,87,Not Renovated
1199,291013.5190351617,1985,2020,NEAR BAY,242.71352713524746,40,Renovated
1639,470105.3097130345,1975,2015,CITY CENTER,286.8244720640845,50,Renovated
690,63200.13374581697,1987,0,INLAND,91.59439673306808,38,Not Renovated
2800,679689.0047724949,2010,2010,SUBURB,242.7460731330339,15,Renovated
1480,336171.6417029729,1939,2000,SUBURB,227.14300115065734,86,Renovated
3475,585167.3155779832,1937,2010,SUBURB,168.39347210877213,88,Renovated
1684,108584.51389525409,1959,2015,CITY CENTER,64.48011513969958,66,Renovated
3827,262813.88418982684,1958,0,NEAR BAY,68.6736044394635,67,Not Renovated
3894,1024525.6707298836,1909,2015,SUBURB,263.10366479966194,116,Renovated
627,186555.75742866393,1998,0,NEAR BAY,297.53709318766175,27,Not Renovated
2565,561768.5099210063,1963,2020,CITY CENTER,219.0130642966886,62,Renovated
2316,374009.85975897615,2014,2000,INLAND,161.48957675258038,11,Renovated
1069,226514.0561991598,1962,2020,INLAND,211.8934108504769,63,Renovated
2395,475644.5207130915,1948,2020,INLAND,198.59896480713633,77,Renovated
3233,471704.6094728438,1963,2015,SUBURB,145.90306510140545,62,Renovated
4363,289731.7171941046,1931,2000,INLAND,66.40653614350323,94,Renovated
4514,1152777.361149297,1906,0,SUBURB,255.37823685186024,119,Not Renovated
3401,486201.4582352256,1920,0,CITY CENTER,142.95838230968116,105,Not Renovated
2186,556766.3540946518,1919,2010,CITY CENTER,254.69641083927345,106,Renovated
3509,396963.3006641333,1925,0,SUBURB,113.12718742209555,100,Not Renovated
654,32868.319954761064,1967,2015,NEAR BAY,50.25736996140836,58,Renovated
3037,272523.8915778774,2009,2020,INLAND,89.73457081918913,16,Renovated
1909,319060.4366528069,2015,2020,INLAND,167.1348541921461,10,Renovated
4557,1303647.9161257078,1985,2020,INLAND,286.0759087394575,40,Renovated
1284,97004.15192168379,1914,2000,SUBURB,75.54840492342974,111,Renovated
3675,968555.2302865637,2019,0,CITY CENTER,263.5524436153915,6,Not Renovated
4841,879880.9124404062,2003,2015,INLAND,181.75602405296553,22,Renovated
3306,847923.5129336145,1984,2000,CITY CENTER,256.48019144997414,41,Renovated
1037,129203.57123415559,1978,2010,INLAND,124.59360774749815,47,Renovated
2341,608629.0781245641,1985,2015,INLAND,259.986791168118,40,Renovated
2955,718672.8287374143,2015,2015,SUBURB,243.20569500420112,10,Renovated
1024,110093.74285604709,1991,2015,NEAR BAY,107.51342075785848,34,Renovated
3450,285776.54652808857,1913,2020,SUBURB,82.83378160234452,112,Renovated
4631,1236539.891911762,1926,2015,INLAND,267.0135806330732,99,Renovated
4615,1342084.288906552,2024,0,INLAND,290.8091633600329,1,Not Renovated
2868,165843.75895696916,2004,2015,NEAR BAY,57.82557843687907,21,Renovated
4347,1012057.7452836527,1939,2020,CITY CENTER,232.81751674342138,86,Renovated
4995,1385518.7330460881,1957,2015,CITY CENTER,277.38112773695457,68,Renovated
3201,846152.4136970221,1927,2010,INLAND,264.3400230231247,98,Renovated
1471,428252.4036773692,1925,2010,CITY CENTER,291.13011806755213,100,Renovated
1666,399879.18366946746,2012,2020,INLAND,240.02351960952427,13,Renovated
3274,525721.537008775,1962,0,NEAR BAY,160.57469059522757,63,Not Renovated
2482,317666.21010222845,1965,0,NEAR BAY,127.98799762378262,60,Not Renovated
1353,176141.23195319658,1924,2000,INLAND,130.18568510953185,101,Renovated
4646,1073716.934241297,2019,2020,NEAR BAY,231.10566815352925,6,Renovated
4236,1001641.3957407912,1902,2015,SUBURB,236.45925300774107,123,Renovated
4269,427283.2959523635,1971,2020,SUBURB,100.08978588717815,54,Renovated
1074,286790.97542220756,1943,2000,NEAR BAY,267.03070337263273,82,Renovated
3761,860257.3288001633,1996,2020,INLAND,228.7310100505619,29,Renovated
1648,314253.1179734736,1941,2020,INLAND,190.68757158584563,84,Renovated
2215,371861.0997817664,2015,2000,NEAR BAY,167.88311502562817,10,Renovated
4354,809008.9091023693,1998,0,CITY CENTER,185.80820144748952,27,Not Renovated
2991,268626.00079832,1905,2015,SUBURB,89.81143456981611,120,Renovated
3160,318923.98692825664,1938,2000,CITY CENTER,100.92531231906855,87,Renovated
3624,263795.02830800967,1951,2010,INLAND,72.79112260154793,74,Renovated
3551,313959.9233775278,1922,0,INLAND,88.41450954027817,103,Not Renovated
504,82365.39796026562,1988,2010,CITY CENTER,163.42340865132067,37,Renovated
1376,251241.9114425201,2022,0,NEAR BAY,182.58859843206403,3,Not Renovated
1491,81208.02042129354,1949,2015,CITY CENTER,54.46547311957983,76,Renovated
4642,1156783.879236204,1942,2015,CITY CENTER,249.19945696600692,83,Renovated
4864,600908.2555856692,1918,2020,SUBURB,123.54199333586949,107,Renovated
4965,1380066.4783939896,1968,2010,SUBURB,277.9590087399778,57,Renovated
1135,331281.32105040946,1950,0,CITY CENTER,291.87781590344446,75,Not Renovated
2193,211327.82804147573,1910,2015,CITY CENTER,96.36471866916358,115,Renovated
2182,361174.0721126679,2019,2000,INLAND,165.52432269141516,6,Renovated
619,31140.62649200441,1911,2015,SUBURB,50.307958791606474,114,Renovated
1330,265443.81565320696,1973,2000,SUBURB,199.58181628060674,52,Renovated
4175,842626.1053741631,1907,0,INLAND,201.8266120656678,118,Not Renovated
1869,209113.04425567703,1923,2015,NEAR BAY,111.88498890084378,102,Renovated
1240,235107.92850079137,2023,2015,SUBURB,189.6031681457995,2,Renovated
616,65533.18193633526,1991,0,SUBURB,106.38503561093387,34,Not Renovated
3338,301108.8539457496,1940,2015,NEAR BAY,90.20636726954751,85,Renovated
1650,351251.78005593416,1935,2000,SUBURB,212.87986670056617,90,Renovated
2431,319631.2007168735,2000,2015,SUBURB,131.48136598801872,25,Renovated
1512,298719.76889876527,1984,2010,NEAR BAY,197.5659847214056,41,Renovated
2164,342586.4911936657,1971,2020,NEAR BAY,158.3116872429139,54,Renovated
1581,468114.8937759978,1954,2000,CITY CENTER,296.087851850726,71,Renovated
1012,88443.90259489414,1908,2010,INLAND,87.39516066689144,117,Renovated
3349,556435.1750333321,1946,0,INLAND,166.14964915895254,79,Not Renovated
1059,233100.89182863137,1914,2000,NEAR BAY,220.1141565898313,111,Renovated
4172,621153.5224868073,1947,2020,NEAR BAY,148.88627096999215,78,Renovated
3843,1128592.8826847652,2009,2020,SUBURB,293.67496296767246,16,Renovated
4570,1053256.6149065231,2003,0,CITY CENTER,230.47190698173372,22,Not Renovated
1970,422064.5498505128,1981,0,CITY CENTER,214.24596439112327,44,Not Renovated
1080,258406.0022550303,1941,2000,NEAR BAY,239.26481690280582,84,Renovated
2794,805125.0736700437,1959,2015,SUBURB,288.1621595096792,66,Renovated
3647,1010053.6568587457,1983,0,SUBURB,276.95466324616007,42,Not Renovated
4749,1097357.7320730826,1969,2015,INLAND,231.07132703160298,56,Renovated
2179,517055.80290042394,1911,2010,INLAND,237.29040977532077,114,Renovated
4006,346440.95714619814,1901,2020,SUBURB,86.48051850878636,124,Renovated
3244,245564.6400435519,1906,2015,INLAND,75.69810112316642,119,Renovated
3856,743151.9397777744,1979,2020,NEAR BAY,192.72612546104108,46,Renovated
4545,248120.22747368857,1902,2015,SUBURB,54.591909235135,123,Renovated
1743,297336.793261106,2008,2010,INLAND,170.58909538789788,17,Renovated
3618,371161.19503661664,1902,0,CITY CENTER,102.58739497971715,123,Not Renovated
2641,360507.4387875053,1926,2010,SUBURB,136.5041419112099,99,Renovated
3559,868222.2636717827,2013,0,SUBURB,243.95118394823902,12,Not Renovated
3459,986885.1317849562,2006,0,CITY CENTER,285.30937605809663,19,Not Renovated
2765,188307.74812115857,1939,2020,NEAR BAY,68.10406803658537,86,Renovated
2979,546826.8829009575,2001,2010,CITY CENTER,183.56055149411128,24,Renovated
2135,577802.2480562116,1932,2015,SUBURB,270.63337145490004,93,Renovated
2257,159405.44055800771,1991,2010,NEAR BAY,70.62713361010532,34,Renovated
4952,1268348.3900582804,1900,2020,INLAND,256.12851172420847,125,Renovated
2570,358387.36797141435,2018,0,INLAND,139.45033773206785,7,Not Renovated
3349,437123.7894331385,1907,2020,INLAND,130.52367555483383,118,Renovated
3751,1104169.1037666902,2000,2000,SUBURB,294.36659657869643,25,Renovated
4230,423908.4875293761,1931,2000,CITY CENTER,100.21477246557355,94,Renovated
2989,667439.1722797484,2023,2015,NEAR BAY,223.29848520567026,2,Renovated
2131,544172.5478472564,1947,2020,INLAND,255.36018200246664,78,Renovated
3316,199941.11758651622,2006,2015,NEAR BAY,60.29587381981792,19,Renovated
1515,329658.4923517336,2000,2015,SUBURB,217.59636458860305,25,Renovated
1848,532016.088152161,1903,2000,INLAND,287.8874935888317,122,Renovated
3587,290744.2551633872,1993,2015,SUBURB,81.05499168201484,32,Renovated
3339,915070.7324163356,1969,2000,CITY CENTER,274.05532567125954,56,Renovated
835,165909.6230524354,2009,0,SUBURB,198.694159344234,16,Not Renovated
1395,284790.8479245378,2017,2020,SUBURB,204.15114546561847,8,Renovated
4046,822293.0328765603,1918,2015,CITY CENTER,203.23604371640147,107,Renovated
1351,168481.82061042776,1931,2000,NEAR BAY,124.70897158432847,94,Renovated
2187,620671.5925149795,1908,2010,CITY CENTER,283.8004538248649,117,Renovated
2431,697302.2436640138,1911,2015,CITY CENTER,286.83761565775967,114,Renovated
4246,876060.8968171056,1910,0,SUBURB,206.32616505348696,115,Not Renovated
2927,719619.5797077765,1945,0,NEAR BAY,245.85568148540366,80,Not Renovated
2068,419937.3787005587,2018,2010,INLAND,203.0644964702895,7,Renovated
4500,769948.2535207956,1915,2000,CITY CENTER,171.09961189351014,110,Renovated
3238,696833.8857632434,1900,2015,NEAR BAY,215.20502957481267,125,Renovated
3998,752624.9518656625,1962,2000,CITY CENTER,188.25036314798962,63,Renovated
4413,879815.2454486769,2008,0,CITY CENTER,199.36896565798253,17,Not Renovated
1566,385170.44466348446,2018,2000,CITY CENTER,245.9581383547155,7,Renovated
4880,830702.6743677616,2016,0,CITY CENTER,170.22595786224622,9,Not Renovated
2944,177195.02208405995,1920,2000,SUBURB,60.18852652311819,105,Renovated
4607,419236.40222965344,1929,2010,NEAR BAY,90.9998702473743,96,Renovated
3873,618331.4373659955,1912,2020,NEAR BAY,159.6518041223846,113,Renovated
4469,1033262.4740192916,1933,2010,NEAR BAY,231.20663996851457,92,Renovated
3046,604081.6906882011,1903,2010,CITY CENTER,198.31966207754468,122,Renovated
1253,266354.6537248594,1927,2020,SUBURB,212.57354646836345,98,Renovated
2582,438474.5483959934,2001,2020,CITY CENTER,169.81973214407182,24,Renovated
3274,667684.8449597257,2021,2015,CITY CENTER,203.9355054855607,4,Renovated
3396,449135.80470464815,1994,2015,NEAR BAY,132.25435945366553,31,Renovated
4685,784951.361695969,1958,2010,CITY CENTER,167.54564817416627,67,Renovated
1275,300988.9521583921,2018,2010,INLAND,236.06976639873892,7,Renovated
2125,569411.1638294706,1926,0,CITY CENTER,267.9581947432803,99,Not Renovated
3569,565378.971722588,1968,0,INLAND,158.41383348909721,57,Not Renovated
917,55859.435029412554,1924,2015,CITY CENTER,60.9154144268403,101,Renovated
614,55516.73552653421,1902,2015,SUBURB,90.41813603670067,123,Renovated
1116,61620.25786233913,1996,0,SUBURB,55.21528482288453,29,Not Renovated
4474,954374.6870169537,1967,0,NEAR BAY,213.31575480933253,58,Not Renovated
3767,501307.2984281739,1924,2000,CITY CENTER,133.07865633877725,101,Renovated
1325,245946.04808204048,1919,2000,INLAND,185.61965892984188,106,Renovated
2016,349411.53077903495,1933,0,INLAND,173.31921169594986,92,Not Renovated
3646,256611.39522703693,1925,2000,CITY CENTER,70.38162238810668,100,Renovated
912,137543.59033623367,1904,2020,INLAND,150.81534028095797,121,Renovated
1228,129112.26535115326,1998,2015,SUBURB,105.14028123058083,27,Renovated
3848,594900.5966982819,1960,2015,INLAND,154.59994716691318,65,Renovated
3308,333759.23784303473,1991,0,NEAR BAY,100.89457008556069,34,Not Renovated
1175,305632.8943438492,1992,2010,SUBURB,260.1131015692334,33,Renovated
3965,370919.14488319395,1908,0,SUBURB,93.54833414456341,117,Not Renovated
3004,871746.1941667197,2015,2000,SUBURB,290.19513787174424,10,Renovated
3467,533837.709607861,2001,2010,CITY CENTER,153.9768415367352,24,Renovated
3286,859490.5073936491,1949,2000,CITY CENTER,261.56132300476236,76,Renovated
1622,336064.1337825107,1905,2020,SUBURB,207.19120455148627,120,Renovated
4579,1070742.2543976204,1982,2000,CITY CENTER,233.83757466643817,43,Renovated
2071,501039.0430465755,1959,2020,INLAND,241.93097201669508,66,Renovated
2643,465726.2557108115,1943,2020,CITY CENTER,176.21122047325446,82,Renovated
2187,406399.5611488779,2020,2000,CITY CENTER,185.82513084082208,5,Renovated
4632,826807.2149225035,1910,2000,SUBURB,178.49896695218123,115,Renovated
4351,857210.5007674837,1965,2020,NEAR BAY,197.01459452251981,60,Renovated
3940,225953.52907015968,1946,2010,NEAR BAY,57.34861143912682,79,Renovated
4266,635116.9286439747,2007,2020,NEAR BAY,148.8787924622538,18,Renovated
2826,569572.3261309677,2007,2015,INLAND,201.54717839029288,18,Renovated
3414,680857.0629458801,1972,2020,CITY CENTER,199.43089131396604,53,Renovated
4452,1105160.1332960678,1984,2010,NEAR BAY,248.23902365140788,41,Renovated
1095,234058.8065052897,1987,2015,SUBURB,213.75233470802715,38,Renovated
1228,365984.92811658647,1997,0,NEAR BAY,298.03332908516813,28,Not Renovated
1865,225597.17396378075,1985,0,NEAR BAY,120.96363215216125,40,Not Renovated
4992,697820.4850234569,1902,2010,CITY CENTER,139.78775741655787,123,Renovated
1198,174862.221984405,1975,2020,CITY CENTER,145.9617879669491,50,Renovated
895,148975.61557078062,1991,2000,CITY CENTER,166.45320175506214,34,Renovated
4671,1209786.7389805075,1929,2010,INLAND,258.9995159453024,96,Renovated
4860,529487.39416044,1989,2015,INLAND,108.94802348980247,36,Renovated
3002,732488.1553800899,2011,2015,NEAR BAY,244.00005175885738,14,Renovated
2319,350928.5786439597,1920,0,CITY CENTER,151.32754577143584,105,Not Renovated
1217,243964.5004791661,1927,2015,NEAR BAY,200.46384591550213,98,Renovated
3282,683099.5075121842,2019,2010,SUBURB,208.13513330657653,6,Renovated
4077,583875.9734548214,1989,2015,SUBURB,143.2121592972336,36,Renovated
643,114552.89423683318,1961,2010,CITY CENTER,178.1538013014513,64,Renovated
3640,557858.3689294043,1932,2000,CITY CENTER,153.25779366192427,93,Renovated
4991,335810.43396435445,1984,0,SUBURB,67.28319654665486,41,Not Renovated
3438,547643.6516880624,1934,2015,CITY CENTER,159.29134720420663,91,Renovated
4136,307504.767900373,1951,2010,INLAND,74.34834813838805,74,Renovated
3722,562971.8535442391,1933,2020,INLAND,151.25519977008034,92,Renovated
1667,330448.74312989507,1940,0,CITY CENTER,198.22959995794545,85,Not Renovated
3116,607164.2065885871,1950,2000,SUBURB,194.8537248358752,75,Renovated
1562,336853.6094527491,1946,2010,NEAR BAY,215.6553197520801,79,Renovated
2656,196053.64128187185,1981,2000,CITY CENTER,73.81537698865657,44,Renovated
3482,741773.2852342462,1957,2000,CITY CENTER,213.03081138260947,68,Renovated
3794,485772.4317765801,1974,2015,NEAR BAY,128.0370141741118,51,Renovated
1656,248005.021700764,1956,2015,CITY CENTER,149.76148653427776,69,Renovated
1232,325859.7662081934,1922,2010,NEAR BAY,264.49656348067646,103,Renovated
4830,252404.21298643193,1947,2020,SUBURB,52.25760103238756,78,Renovated
1453,286390.88906097494,1921,2010,INLAND,197.10315833515136,104,Renovated
3039,606822.9463810568,1916,2020,SUBURB,199.6784950250269,109,Renovated
3824,570406.7461844453,1968,2000,INLAND,149.1649440858905,57,Renovated
3801,415285.7212171965,2007,0,NEAR BAY,109.25696427708405,18,Not Renovated
2042,221901.09653252186,1910,2010,INLAND,108.66850956538778,115,Renovated
1691,458138.2628490832,1993,2010,SUBURB,270.9274174151882,32,Renovated
3493,560647.7844058804,1914,2020,INLAND,160.50609344571438,111,Renovated
3181,422189.76591713907,1990,2000,NEAR BAY,132.722340747293,35,Renovated
1717,278487.77356712974,1934,2000,INLAND,162.19439345785077,91,Renovated
2040,443389.1047442743,1932,2020,CITY CENTER,217.34760036484033,93,Renovated
3736,322936.6347405981,1983,2000,SUBURB,86.43914206118792,42,Renovated
2886,468566.51210671174,2024,2015,CITY CENTER,162.35845880343442,1,Renovated
4219,831021.0404286806,1915,0,NEAR BAY,196.97109277759674,110,Not Renovated
1888,542131.3434898767,1933,2010,INLAND,287.14583871285845,92,Renovated
2356,266538.86364242196,1965,0,CITY CENTER,113.13194551885482,60,Not Renovated
1865,260750.6612159495,1998,2010,CITY CENTER,139.8126869790614,27,Renovated
999,144694.80783312535,1939,2015,INLAND,144.83964748060595,86,Renovated
2180,439018.29591646115,2019,2000,INLAND,201.38453941122071,6,Renovated
1010,140574.84339260042,1927,2020,SUBURB,139.18301326000042,98,Renovated
4812,882414.8461355338,1946,2015,CITY CENTER,183.3779813249239,79,Renovated
1824,447696.3904093334,1938,0,CITY CENTER,245.44758246125735,87,Not Renovated
1655,374603.2895639242,1969,2020,NEAR BAY,226.34639852805088,56,Renovated
2327,376024.96010869666,1972,2000,SUBURB,161.59216162814639,53,Renovated
3641,968702.7757279122,1919,2015,NEAR BAY,266.0540444185422,106,Renovated
3986,755486.7587202843,2023,2020,CITY CENTER,189.53506239846573,2,Renovated
2310,427295.62231252773,1900,2015,NEAR BAY,184.97645987555313,125,Renovated
3423,200406.1807024346,1971,2015,CITY CENTER,58.54694148478954,54,Renovated
2714,805171.1871723342,2018,2000,CITY CENTER,296.6732450892904,7,Renovated
4686,378360.30219245766,1986,2010,NEAR BAY,80.74270213240668,39,Renovated
1213,130740.44919368383,1962,2020,NEAR BAY,107.78272810691165,63,Renovated
4102,258115.1065911859,1966,2000,INLAND,62.92420931038174,59,Renovated
4634,973143.4370805646,1903,2015,INLAND,210.00074170922844,122,Renovated
4022,427037.03344602976,1957,2000,INLAND,106.17529424317,68,Renovated
4768,452972.4414674864,1924,2010,CITY CENTER,95.00260936818087,101,Renovated
1743,125738.09582527744,1946,2020,NEAR BAY,72.13889605581035,79,Renovated
4209,319156.85013374547,1937,2010,SUBURB,75.82723928100391,88,Renovated
1581,310141.0943499332,1914,0,CITY CENTER,196.1676751106472,111,Not Renovated
955,212059.62797564964,1962,2020,SUBURB,222.05196646664882,63,Renovated
1394,208186.57747984375,1920,2010,NEAR BAY,149.34474711610025,105,Renovated
1884,320231.52542986645,1998,2015,CITY CENTER,169.9742703980183,27,Renovated
2458,544427.1737615437,1956,2020,SUBURB,221.49193399574602,69,Renovated
3572,194120.1526356333,2016,2020,SUBURB,54.34494754636991,9,Renovated
2496,326433.53001185384,1952,2000,INLAND,130.78266426756966,73,Renovated
4785,1403318.181129152,1945,2015,INLAND,293.2744370175866,80,Renovated
1004,195808.16965356248,2015,0,INLAND,195.028057423867,10,Not Renovated
1714,194635.23248607587,1913,2010,CITY CENTER,113.55614497437332,112,Renovated
2031,366458.4311795372,1999,2000,NEAR BAY,180.4325116590533,26,Renovated
3940,534513.6857991016,1975,2010,NEAR BAY,135.66337203022883,50,Renovated
1323,242190.03005429846,1916,0,INLAND,183.0612472065748,109,Not Renovated
1428,116289.71971497363,1938,0,INLAND,81.4353779516622,87,Not Renovated
633,52652.09396690065,1908,2020,INLAND,83.17866345481934,117,Renovated
2605,223731.9632781546,1998,0,SUBURB,85.88559050984821,27,Not Renovated
4127,1176009.0703205192,2023,2010,INLAND,284.95494798171046,2,Renovated
2352,548544.563984709,1976,2015,SUBURB,233.22472958533544,49,Renovated
4675,423533.8393865875,1978,2015,NEAR BAY,90.59547366558022,47,Renovated
3433,333300.6011418275,1981,2020,CITY CENTER,97.08727094140038,44,Renovated
3784,880564.683227849,2014,2010,CITY CENTER,232.70736871771908,11,Renovated
4798,427218.5318282126,1996,2010,CITY CENTER,89.04096119804348,29,Renovated
3311,359708.1105579044,1905,0,CITY CENTER,108.64032333370716,120,Not Renovated
1750,508964.23935892456,2022,2010,SUBURB,290.83670820509974,3,Renovated
4012,456672.4443026171,1990,2000,SUBURB,113.82663118210796,35,Renovated
1756,378256.60181293346,1922,0,INLAND,215.4080875927867,103,Not Renovated
3876,1142093.7174911138,1958,2000,SUBURB,294.65782185013256,67,Renovated
3986,572286.7284548033,1990,2020,INLAND,143.57419178494817,35,Renovated
4084,222083.82667016555,1997,2015,INLAND,54.37899771551556,28,Renovated
1896,210525.81566020538,2019,2020,CITY CENTER,111.03682260559356,6,Renovated
4137,1066184.7351451588,1945,2015,SUBURB,257.71929783542635,80,Renovated
3830,1019362.9604269477,1937,2020,SUBURB,266.1522089887592,88,Renovated
3203,775541.8811424258,1913,2010,INLAND,242.1298411309478,112,Renovated
970,75929.13112606897,1999,2000,INLAND,78.27745476914326,26,Renovated
1853,461170.17968835874,2016,2015,NEAR BAY,248.87759292410078,9,Renovated
3283,918154.8018824186,1971,0,NEAR BAY,279.66944924837605,54,Not Renovated
3331,666707.596555378,1961,2000,INLAND,200.15238563655902,64,Renovated
857,244432.5450954304,1934,0,NEAR BAY,285.2188390845162,91,Not Renovated
3519,903361.5079455241,1918,2000,NEAR BAY,256.70972092796933,107,Renovated
1167,252938.9400820972,1929,2000,INLAND,216.74287924772682,96,Renovated
4968,965264.0639959913,1977,2020,INLAND,194.29630917793705,48,Renovated
1645,225600.92065326037,2022,2015,SUBURB,137.14341681049262,3,Renovated
4685,420815.4202406355,1983,2015,INLAND,89.82186131070128,42,Renovated
4219,849025.1499578479,2012,2000,INLAND,201.2384806726352,13,Renovated
3245,420317.99787269946,1924,2010,CITY CENTER,129.52788840452988,101,Renovated
1039,277007.44389030593,1939,2010,SUBURB,266.6096668819114,86,Renovated
3279,978237.9543997356,1987,0,SUBURB,298.3342343396571,38,Not Renovated
4636,1103863.7768714486,1913,0,SUBURB,238.10694065389313,112,Not Renovated
4275,310452.3118380355,1925,2020,CITY CENTER,72.62042382176269,100,Renovated
3008,367491.5678390399,2001,2000,INLAND,122.17139888265955,24,Renovated
3279,253392.62063997335,1986,0,SUBURB,77.27740794143743,39,Not Renovated
1424,302782.1466138508,1921,0,SUBURB,212.6279119479289,104,Not Renovated
3456,833924.906976198,1947,2000,NEAR BAY,241.29771613894616,78,Renovated
2081,585632.3307656903,2020,2020,SUBURB,281.41870772017796,5,Renovated
3824,610092.7631698602,1982,0,INLAND,159.54308660299694,43,Not Renovated
4985,1372589.4032995987,2009,2020,INLAND,275.34391239711107,16,Renovated
755,203451.9562690506,1950,2015,NEAR BAY,269.4727897603319,75,Renovated
2338,302300.8964493755,1902,2020,SUBURB,129.29892919134966,123,Renovated
2444,653098.282205289,1941,2010,SUBURB,267.2251563851428,84,Renovated
509,73254.29405194969,1918,2010,SUBURB,143.9180629704316,107,Renovated
3371,418736.5811356766,1972,2020,CITY CENTER,124.21731864007019,53,Renovated
1297,275312.45811408194,1927,2010,SUBURB,212.26866469859826,98,Renovated
1515,200124.39006147443,1983,2015,INLAND,132.09530697127025,42,Renovated
2324,482351.2827792328,1944,2000,INLAND,207.55218708228605,81,Renovated
4969,1006013.5603807532,1970,2010,CITY CENTER,202.45795137467363,55,Renovated
3636,693965.984959749,1977,2010,CITY CENTER,190.8597318371147,48,Renovated
2693,390767.56587473105,1962,2020,SUBURB,145.10492605819942,63,Renovated
723,135291.32468850442,1972,2015,NEAR BAY,187.1249304128692,53,Renovated
4658,927507.3356205234,2022,2000,CITY CENTER,199.1213687463554,3,Renovated
4425,824916.1203981175,2023,2020,CITY CENTER,186.42172212386836,2,Renovated
4500,724971.8843451018,2018,2020,SUBURB,161.1048631878004,7,Renovated
2133,114471.20816992018,2020,2015,SUBURB,53.66676426156595,5,Renovated
2652,521821.91220586305,2023,2000,CITY CENTER,196.76542692528773,2,Renovated
1010,93032.20724853671,1918,2015,NEAR BAY,92.1110962856799,107,Renovated
884,186209.28913732892,1946,2000,CITY CENTER,210.64399223679743,79,Renovated
904,216811.81811056772,2015,2015,SUBURB,239.8360819807165,10,Renovated
2500,437778.31820671336,1913,2020,SUBURB,175.11132728268535,112,Renovated
3256,604284.023293507,2019,2020,CITY CENTER,185.5909162449346,6,Renovated
2168,624101.3793389673,1937,0,NEAR BAY,287.8696399164978,88,Not Renovated
1960,513112.0070725614,1952,2010,CITY CENTER,261.7918403431436,73,Renovated
4136,1152120.5574938199,1960,2015,CITY CENTER,278.5591289878675,65,Renovated
3224,817095.6283855867,1935,0,SUBURB,253.44157207989662,90,Not Renovated
4678,361280.0007897524,1939,2010,NEAR BAY,77.22958546168286,86,Renovated
2548,222307.81225301404,1980,2015,INLAND,87.24796399254868,45,Renovated
4646,843973.5405278966,1929,2000,NEAR BAY,181.6559493172399,96,Renovated
1216,135605.17627459147,1908,2010,CITY CENTER,111.51741469949957,117,Renovated
2323,392990.8971301532,1963,2020,CITY CENTER,169.1738687602898,62,Renovated
2581,383514.22519379045,1932,0,CITY CENTER,148.59133095458753,93,Not Renovated
3919,734238.6001022366,2019,2010,NEAR BAY,187.35355960761333,6,Renovated
2074,490955.05881642405,1951,2010,SUBURB,236.71892903395567,74,Renovated
749,171425.67235433913,1988,2020,CITY CENTER,228.8727267748186,37,Renovated
1173,211501.9093513243,1913,2015,CITY CENTER,180.3085331213336,112,Renovated
2665,681169.6152868649,1974,2000,NEAR BAY,255.59835470426452,51,Renovated
1270,200298.7140633256,1952,2020,INLAND,157.71552288450835,73,Renovated
4462,1223384.7903166565,1998,2000,INLAND,274.1785724600306,27,Renovated
4863,329808.9883195655,2004,2015,SUBURB,67.82006751379097,21,Renovated
2484,717043.878650684,1958,2010,SUBURB,288.6650075083269,67,Renovated
1577,336962.747354309,1977,2000,CITY CENTER,213.67327035783705,48,Renovated
735,106588.69101721149,1993,0,NEAR BAY,145.01862723430133,32,Not Renovated
888,88168.21609917877,1940,0,CITY CENTER,99.28853164321933,85,Not Renovated
3537,600567.7706355032,1967,2020,SUBURB,169.79580736089997,58,Renovated
2348,231605.7357097717,2022,2015,NEAR BAY,98.63958079632525,3,Renovated
3314,303505.73701519327,1967,2020,NEAR BAY,91.58290193578554,58,Renovated
3874,791605.1770544655,1991,2020,SUBURB,204.33793935324354,34,Renovated
3778,682953.5223674957,1907,2020,INLAND,180.77118114544618,118,Renovated
1752,381102.06315959245,1901,0,INLAND,217.5240086527354,124,Not Renovated
4481,1265440.9841819834,2004,0,NEAR BAY,282.4014693554973,21,Not Renovated
2622,479996.56984374084,2024,2020,CITY CENTER,183.06505333476005,1,Renovated
2650,517367.48528660345,2009,0,INLAND,195.23301331569942,16,Not Renovated
1829,132431.6435785973,1985,2015,CITY CENTER,72.40658478873553,40,Renovated
1858,426241.8225545584,1940,2020,INLAND,229.40894647715737,85,Renovated
2982,447229.3316724985,2019,0,INLAND,149.97630170103906,6,Not Renovated
2517,740454.3564284277,1954,2000,CITY CENTER,294.18130966564473,71,Renovated
1831,468357.9056389135,1915,2020,SUBURB,255.79350389891508,110,Renovated
4844,874924.5400650193,1992,2020,INLAND,180.6202601290296,33,Renovated
4761,384715.7641284206,1961,2015,INLAND,80.8056635430415,64,Renovated
1858,492098.6359788337,2012,2010,CITY CENTER,264.8539483201473,13,Renovated
3677,919048.7719685319,1947,2010,SUBURB,249.9452738560054,78,Renovated
2628,252672.4301058307,1929,2015,INLAND,96.14628238425826,96,Renovated
2680,331836.45377760776,1911,2015,INLAND,123.81957230507753,114,Renovated
637,158200.10586004308,1934,2015,SUBURB,248.35181453695932,91,Renovated
3972,382531.84742157784,1910,2010,INLAND,96.30711163685243,115,Renovated
3332,931087.8234797574,1963,2015,SUBURB,279.43812229284435,62,Renovated
4079,636861.8418439901,2009,0,SUBURB,156.1318562990905,16,Not Renovated
3531,253383.6442242557,1949,2020,CITY CENTER,71.75974064691466,76,Renovated
4664,1184362.9183259914,1984,2020,NEAR BAY,253.93716087607018,41,Renovated
3093,443466.36240943323,1920,2000,SUBURB,143.3774207595969,105,Renovated
4800,871799.0329845372,1968,2000,CITY CENTER,181.62479853844525,57,Renovated
4318,337132.5397919111,1947,2020,NEAR BAY,78.0760861028048,78,Renovated
4638,234896.16521275707,1919,0,INLAND,50.6460037112456,106,Not Renovated
4323,905652.5111611064,2000,2010,NEAR BAY,209.4963014483244,25,Renovated
4542,812081.4059139522,1966,2010,SUBURB,178.7937925834329,59,Renovated
2406,477313.44932757306,1943,0,SUBURB,198.3846422807868,82,Not Renovated
1260,313029.31286986265,1932,2010,SUBURB,248.4359625951291,93,Renovated
3945,834965.0821132958,2016,2015,SUBURB,211.65147835571503,9,Renovated
1399,131077.01162887516,2024,2020,SUBURB,93.69336070684429,1,Renovated
4955,694656.9580482556,1972,2020,CITY CENTER,140.19312977764997,53,Renovated
3447,953001.6595508526,1960,0,SUBURB,276.4727761969401,65,Not Renovated
2219,538076.8224646188,1908,2010,CITY CENTER,242.4861750629197,117,Renovated
780,147544.22629765986,1967,2000,INLAND,189.15926448417932,58,Renovated
3766,428989.7654374299,1934,2000,SUBURB,113.91124945231807,91,Renovated
2387,299604.60446991393,1980,2010,SUBURB,125.51512545869876,45,Renovated
3766,877438.5206318749,1997,2000,NEAR BAY,232.98951689640865,28,Renovated
1166,306417.2970385826,1987,0,INLAND,262.79356521319266,38,Not Renovated
4688,1021309.7126898802,1995,0,SUBURB,217.8561673826536,30,Not Renovated
1171,295539.9004062113,1964,2010,SUBURB,252.38249394211044,61,Renovated
2469,596668.4994524505,1907,2000,INLAND,241.66403380010146,118,Renovated
4656,407055.41870189883,1944,0,CITY CENTER,87.42599198923944,81,Not Renovated
3622,564982.0280929949,1986,0,SUBURB,155.98620322832548,39,Not Renovated
4400,388282.1809114189,1946,2015,NEAR BAY,88.24595020714067,79,Renovated
1023,111311.50081310762,1939,2015,SUBURB,108.8088962004962,86,Renovated
2893,773342.0235288737,1975,0,NEAR BAY,267.3149061627631,50,Not Renovated
3617,608462.559923805,1953,2010,NEAR BAY,168.22299140829554,72,Renovated
3093,568615.6522498375,1975,2020,SUBURB,183.83952546066521,50,Renovated
2468,233501.16054553541,1945,2020,SUBURB,94.61149130694304,80,Renovated
2253,288537.08349198435,1946,0,NEAR BAY,128.067946512199,79,Not Renovated
2796,300742.0717310811,1914,0,INLAND,107.5615421069675,111,Not Renovated
2761,280370.0000588438,2004,0,INLAND,101.5465411296066,21,Not Renovated
2786,583639.6925445732,1918,2010,SUBURB,209.49019832899253,107,Renovated
4702,537066.9629075377,1925,2015,CITY CENTER,114.22096191142869,100,Renovated
3378,702637.0779442434,1951,0,INLAND,208.00387150510463,74,Not Renovated
4643,300001.19332650397,1992,0,SUBURB,64.61365352713848,33,Not Renovated
4144,354078.2716940776,1921,2000,INLAND,85.44359838177547,104,Renovated
4932,585108.1331821546,2003,2010,CITY CENTER,118.63506350003135,22,Renovated
2555,509113.71816712304,1920,0,SUBURB,199.2617292239229,105,Not Renovated
1776,388873.51281879493,1950,2000,CITY CENTER,218.960311271844,75,Renovated
3266,524778.4033754839,1937,2020,SUBURB,160.6792416948818,88,Renovated
802,129481.0783727344,1919,0,CITY CENTER,161.44772864430723,106,Not Renovated
1138,263025.0442229069,2020,0,INLAND,231.12921284965455,5,Not Renovated
555,29945.176482474566,1928,2000,INLAND,53.95527294139561,97,Renovated
1025,138654.31877151903,1950,2010,CITY CENTER,135.27250611855516,75,Renovated
4623,1177370.6812655532,1903,0,CITY CENTER,254.67676427980817,122,Not Renovated
2625,527112.7379525255,1954,2020,CITY CENTER,200.80485255334304,71,Renovated
3787,508619.7879361942,1970,0,SUBURB,134.3067831888551,55,Not Renovated
864,238793.35514320954,1991,2020,INLAND,276.38119808241845,34,Renovated
2146,521812.0932765937,1927,2015,SUBURB,243.15568186234563,98,Renovated
1418,164805.436045422,1903,2015,INLAND,116.22386180918335,122,Renovated
3297,696730.1485805721,1921,2020,NEAR BAY,211.3224593814292,104,Renovated
2031,404042.43223794276,1975,2010,SUBURB,198.93768204723918,50,Renovated
3845,577891.8823699721,1944,0,INLAND,150.29697850974566,81,Not Renovated
2406,341024.08164168766,1966,0,INLAND,141.7390198012002,59,Not Renovated
3586,487301.9656364186,1985,2015,SUBURB,135.89011869392598,40,Renovated
2575,526044.0355609476,2007,2020,SUBURB,204.28894584891168,18,Renovated
1213,194810.81323776304,1965,0,INLAND,160.6024841201674,60,Not Renovated
1562,402942.5457246803,1987,0,SUBURB,257.9657783128555,38,Not Renovated
2476,538284.0193869224,1933,2010,CITY CENTER,217.40065403349044,92,Renovated
1796,121199.29096353594,1990,2000,SUBURB,67.48290142735854,35,Renovated
625,131276.28497315096,1954,2015,SUBURB,210.04205595704155,71,Renovated
4096,482454.97497618926,2004,2015,SUBURB,117.7868591250462,21,Renovated
3783,749801.9411062244,1900,2000,INLAND,198.20299791335566,125,Renovated
2103,462729.3627776396,1971,0,CITY CENTER,220.03298277586285,54,Not Renovated
566,60962.33026529271,1986,2010,NEAR BAY,107.70729728850301,39,Renovated
732,120205.13201310748,1937,2010,NEAR BAY,164.21466122009218,88,Renovated
2656,259175.708911861,1905,2015,CITY CENTER,97.58121570476695,120,Renovated
1669,105288.39592192059,1985,2010,CITY CENTER,63.08471894662707,40,Renovated
2658,384397.58340636,1924,2000,CITY CENTER,144.61910587146727,101,Renovated
4706,662303.9358268096,1981,0,INLAND,140.736067961498,44,Not Renovated
1993,595648.1544933962,1916,2000,NEAR BAY,298.8701226760643,109,Renovated
4507,728277.5117119433,1960,2020,CITY CENTER,161.58808779941054,65,Renovated
2972,396442.1752578449,1911,2015,INLAND,133.3923873680501,114,Renovated
3160,616575.255306173,1905,2010,NEAR BAY,195.11875167916867,120,Renovated
3239,233829.39737876554,1989,2020,SUBURB,72.19184852694212,36,Renovated
2261,656631.557248458,1926,2010,INLAND,290.41643398870326,99,Renovated
4014,837882.4057506018,1907,0,NEAR BAY,208.74001139775828,118,Not Renovated
2475,590805.9010883996,1982,0,INLAND,238.70945498521195,43,Not Renovated
2862,265076.964763438,2023,0,NEAR BAY,92.61948454347937,2,Not Renovated
1376,209660.38143379014,2005,2010,NEAR BAY,152.36946325130097,20,Renovated
4312,671258.8642410923,1964,2020,SUBURB,155.6722783490474,61,Renovated
3948,1008522.9601303727,1956,0,INLAND,255.4516109752717,69,Not Renovated
1812,91160.21593101247,1992,2020,CITY CENTER,50.30916993985235,33,Renovated
1960,245418.023093095,2008,2010,SUBURB,125.21327708831377,17,Renovated
3209,947646.8813177177,2012,2020,SUBURB,295.30909358607596,13,Renovated
2824,476469.8997153904,1998,2010,NEAR BAY,168.72163587655467,27,Renovated
2233,325195.2959462176,1939,2010,CITY CENTER,145.63157006100207,86,Renovated
2105,168310.01231178638,1913,2015,INLAND,79.95725050441159,112,Renovated
3063,899116.564371903,1934,2010,CITY CENTER,293.5411571570039,91,Renovated
3921,215680.83539628945,1947,2010,CITY CENTER,55.00658898145612,78,Renovated
4017,941163.240963524,2008,2000,CITY CENTER,234.2950562518108,17,Renovated
2897,701508.4086180773,1983,0,CITY CENTER,242.14995119712714,42,Not Renovated
4235,469721.5481326188,1955,2015,CITY CENTER,110.91417901596665,70,Renovated
3370,734287.9887439839,1948,2015,NEAR BAY,217.88961090325932,77,Renovated
1660,121565.59491744683,1912,2015,NEAR BAY,73.23228609484748,113,Renovated
742,84782.26792315082,1960,2000,SUBURB,114.26181660801997,65,Renovated
3090,763154.2859557747,2001,2010,NEAR BAY,246.97549707306624,24,Renovated
1563,416026.12953710585,1948,0,SUBURB,266.17154800838506,77,Not Renovated
4824,975034.6136677084,1945,2020,SUBURB,202.12160316494783,80,Renovated
3095,546916.2366210984,2012,2010,INLAND,176.70960795512065,13,Renovated
1419,127463.10131458327,1961,2000,CITY CENTER,89.82600515474508,64,Renovated
505,33217.51542624271,1907,2010,NEAR BAY,65.77725826978754,118,Renovated
967,76791.65263348281,1942,2010,INLAND,79.41225711838966,83,Renovated
4670,498939.6478621954,1919,2000,NEAR BAY,106.8393250240247,106,Renovated
503,68115.5686135378,2023,2015,SUBURB,135.41862547423023,2,Renovated
1145,166285.35167752008,1996,2015,NEAR BAY,145.2273813777468,29,Renovated
617,84270.1328048538,1989,0,CITY CENTER,136.5804421472509,36,Not Renovated
3428,376270.4196930566,1938,0,SUBURB,109.7638330493164,87,Not Renovated
3051,541342.1692098578,1984,2015,SUBURB,177.43106168792457,41,Renovated
4789,1227523.7930818356,2016,2020,INLAND,256.3215270582242,9,Renovated
1346,161420.24069565276,1948,2010,CITY CENTER,119.9258846178698,77,Renovated
3262,931616.6140778711,1963,2020,SUBURB,285.5967547755583,62,Renovated
1641,440336.36547220853,1961,2010,CITY CENTER,268.33416543096195,64,Renovated
2310,208918.8320558433,2005,2015,NEAR BAY,90.4410528380274,20,Renovated
1223,301553.8737784816,2006,0,CITY CENTER,246.5689891892736,19,Not Renovated
724,140200.31619951574,1953,0,SUBURB,193.64684557944165,72,Not Renovated
4708,902259.2012757596,2004,2020,INLAND,191.64384054285463,21,Renovated
2548,376494.2400680571,1908,0,SUBURB,147.7606907645436,117,Not Renovated
4915,861541.7477448946,1987,2015,CITY CENTER,175.28824979550245,38,Renovated
2073,309487.90140268864,1936,2020,CITY CENTER,149.29469435730277,89,Renovated
2328,430524.3841182867,1948,2010,SUBURB,184.9331546899857,77,Renovated
2417,500288.8193878652,1940,0,CITY CENTER,206.98751319315895,85,Not Renovated
4734,1034738.5548851088,1916,2000,NEAR BAY,218.5759516022621,109,Renovated
2526,462561.8731012776,1987,0,SUBURB,183.12029813985654,38,Not Renovated
4244,977628.8134357843,1920,2010,INLAND,230.35551683218293,105,Renovated
1401,119532.63675874591,1950,2020,SUBURB,85.31951231887645,75,Renovated
2539,261505.8861001959,1958,2010,NEAR BAY,102.99562272555963,67,Renovated
509,129634.02926845087,1938,2000,NEAR BAY,254.68375101856753,87,Renovated
760,99280.31579081889,1954,2015,NEAR BAY,130.6319944616038,71,Renovated
2173,121087.07041827732,1940,0,NEAR BAY,55.72345624403006,85,Not Renovated
2719,240489.53398684415,1938,2020,NEAR BAY,88.44778741700777,87,Renovated
2560,271113.2380776392,1912,2015,INLAND,105.9036086240778,113,Renovated
4213,1218950.331674974,1963,2010,CITY CENTER,289.3307219736468,62,Renovated
2119,409518.69697611744,1910,2020,NEAR BAY,193.26035723271232,115,Renovated
820,232209.80179763224,2009,2015,NEAR BAY,283.1826851190637,16,Renovated
1842,356962.7229036958,1918,2020,SUBURB,193.79083762415624,107,Renovated
2876,488455.8424591154,1910,2000,INLAND,169.83861003446293,115,Renovated
3332,427935.166764682,1976,2000,INLAND,128.431922798524,49,Renovated
3324,670094.2548241351,1945,0,CITY CENTER,201.5927361083439,80,Not Renovated
2494,211489.96834902983,1944,0,INLAND,84.79950615438246,81,Not Renovated
3458,949447.1767945443,1900,2000,SUBURB,274.5654068231765,125,Renovated
2538,653111.4110621446,1939,2020,SUBURB,257.33310128532094,86,Renovated
3990,516237.6192570452,2007,2000,CITY CENTER,129.38286196918426,18,Renovated
4177,1203808.8181976518,1918,0,SUBURB,288.1993819003236,107,Not Renovated
1618,414693.71041959734,1975,2000,NEAR BAY,256.30019185389204,50,Renovated
2104,455677.4219492309,1971,2000,NEAR BAY,216.57672145875992,54,Renovated
4527,364154.0429160297,1971,2020,SUBURB,80.44047778131869,54,Renovated
735,124625.50173508328,1960,2015,CITY CENTER,169.55850576201806,65,Renovated
2469,435844.88822915696,2016,0,INLAND,176.52688871168772,9,Not Renovated
4929,533011.4113457396,2008,2020,CITY CENTER,108.13783959134503,17,Renovated
2408,168539.16740429978,1911,2000,INLAND,69.99134858982549,114,Renovated
875,213658.29416568278,1960,2000,SUBURB,244.18090761792317,65,Renovated
4030,324450.31501532794,2011,2015,SUBURB,80.50876303109874,14,Renovated
3135,622525.375752791,1932,0,NEAR BAY,198.5726876404437,93,Not Renovated
2070,588112.4474847943,1944,0,INLAND,284.1122934709151,81,Not Renovated
3060,823220.4723375025,1989,2010,CITY CENTER,269.02629814951064,36,Renovated
3891,464733.8647520938,2002,0,SUBURB,119.43815593731529,23,Not Renovated
3465,910817.3822787835,1991,2015,CITY CENTER,262.8621593878163,34,Renovated
4143,207494.3932142969,2021,2010,NEAR BAY,50.08312653012235,4,Renovated
4350,236735.49295441725,1968,2010,INLAND,54.42195240331431,57,Renovated
1372,275275.73519810266,1907,2000,INLAND,200.63829096071623,118,Renovated
1752,247381.61998530387,1924,2000,SUBURB,141.19955478613235,101,Renovated
1814,265959.9914656732,1990,0,INLAND,146.61521028978677,35,Not Renovated
3398,649392.7065317107,1945,2010,SUBURB,191.11027266972062,80,Renovated
577,56514.61921912589,1986,2000,NEAR BAY,97.94561389796515,39,Renovated
3121,321272.11235673947,1929,2015,INLAND,102.93883766636958,96,Renovated
4727,809027.9254595432,2008,2000,SUBURB,171.15039675471616,17,Renovated
1100,262419.7246945623,1946,2000,CITY CENTER,238.56338608596573,79,Renovated
1565,320628.4952382187,1986,2010,SUBURB,204.87443785189691,39,Renovated
2636,327756.97678807686,1948,2010,INLAND,124.33876205920974,77,Renovated
2949,464716.08411845216,1946,2020,NEAR BAY,157.5842943772303,79,Renovated
2843,263449.9771394114,1983,2015,INLAND,92.6661896374996,42,Renovated
2363,162237.562819631,1981,2010,INLAND,68.65745358427043,44,Renovated
1818,446635.3505182158,1917,0,SUBURB,245.6740101860373,108,Not Renovated
4097,476673.05386100826,1965,2015,CITY CENTER,116.34685229704864,60,Renovated
4262,402510.0862555049,1967,2015,INLAND,94.44159696281204,58,Renovated
2690,599613.1423703672,1993,2010,CITY CENTER,222.90451389232982,32,Renovated
1492,305133.2745091204,1932,2015,SUBURB,204.5129185717965,93,Renovated
3212,669051.2696888116,1935,2010,CITY CENTER,208.297406503366,90,Renovated
2692,288646.069061771,1981,2000,SUBURB,107.2236512116534,44,Renovated
1748,189066.1003518916,2000,2020,NEAR BAY,108.16138464067025,25,Renovated
3554,373883.1365645404,1918,2000,CITY CENTER,105.20065744640979,107,Renovated
4533,423555.12903429527,2010,2010,CITY CENTER,93.43814891557363,15,Renovated
2497,534185.502596614,1927,2010,NEAR BAY,213.93091814041406,98,Renovated
4187,1097010.627884811,1939,2000,CITY CENTER,262.00397131235036,86,Renovated
2651,612591.4030282072,1983,0,NEAR BAY,231.07936741916532,42,Not Renovated
4518,1120569.7593325335,2012,0,INLAND,248.02340844013577,13,Not Renovated
3610,545830.5822493929,1996,0,SUBURB,151.19960727129995,29,Not Renovated
2470,527391.8036422088,1975,2010,NEAR BAY,213.51894884299952,50,Renovated
697,96575.66489750195,2021,2015,CITY CENTER,138.55906011119362,4,Renovated
3126,566981.8620684921,2014,2010,NEAR BAY,181.37615549216,11,Renovated
1702,290035.6272005839,1914,2015,CITY CENTER,170.4087116337156,111,Renovated
2535,238852.2282349177,1940,2000,INLAND,94.22178628596359,85,Renovated
977,143393.98721197783,1938,2020,NEAR BAY,146.7696900839077,87,Renovated
1754,510336.0677990109,1901,2015,INLAND,290.95556887058774,124,Renovated
1422,159470.28161766188,1962,0,SUBURB,112.1450644287355,63,Not Renovated
919,76691.40841021253,1928,2010,CITY CENTER,83.45093406987218,97,Renovated
2704,418160.50021778024,2004,2000,CITY CENTER,154.64515540598381,21,Renovated
3097,766768.9919897197,1973,0,INLAND,247.58443396503702,52,Not Renovated
1620,316770.0330608888,1965,2000,SUBURB,195.5370574449931,60,Renovated
3568,785829.5458965141,1950,2020,NEAR BAY,220.24370680956113,75,Renovated
1450,141264.38246332048,1974,2010,NEAR BAY,97.4237120436693,51,Renovated
2836,580634.2688424746,1976,2010,CITY CENTER,204.7370482519304,49,Renovated
2743,358990.3958105431,1909,2020,INLAND,130.87509872786842,116,Renovated
3145,813221.021481936,1913,2010,INLAND,258.5758414886919,112,Renovated
2357,488664.3214418263,1981,2015,NEAR BAY,207.32470150268404,44,Renovated
2365,235823.7742346437,1950,2000,SUBURB,99.71406944382397,75,Renovated
3412,225718.02790700548,2017,0,SUBURB,66.15416996102154,8,Not Renovated
3353,203387.2876848552,1972,2020,NEAR BAY,60.658302321758185,53,Renovated
3728,532552.7850499311,2020,2015,NEAR BAY,142.8521419125352,5,Renovated
4219,491356.4863861372,1938,0,INLAND,116.46278416357838,87,Not Renovated
3728,788555.9950670574,1927,0,SUBURB,211.522530865627,98,Not Renovated
2871,501946.86005590326,1902,2020,NEAR BAY,174.83345874465456,123,Renovated
3391,395067.8429290615,1983,2015,NEAR BAY,116.50481950134518,42,Renovated
4256,371588.9957389874,1969,0,CITY CENTER,87.30944448754403,56,Not Renovated
4725,386504.7196745498,1926,0,NEAR BAY,81.7999406718624,99,Not Renovated
594,158102.068232852,2016,2015,NEAR BAY,266.1650980351044,9,Renovated
3174,351899.76792926213,1901,2010,SUBURB,110.8694921012168,124,Renovated
2455,522737.4101553568,1992,0,INLAND,212.92766197774208,33,Not Renovated
1293,326704.22622156056,1937,2000,SUBURB,252.67148199656657,88,Renovated
2334,475016.4450762935,1902,2015,INLAND,203.520327796184,123,Renovated
2616,692955.6614971026,1915,0,CITY CENTER,264.8913079117365,110,Not Renovated
4606,682141.3703400384,1993,2020,NEAR BAY,148.09843038211864,32,Renovated
3825,1105637.4698080567,1939,2000,CITY CENTER,289.0555476622371,86,Renovated
3419,284755.6923212284,1901,0,INLAND,83.28625104452425,124,Not Renovated
3097,233939.27333734886,1980,2000,SUBURB,75.53738241438452,45,Renovated
3705,795363.6004246445,1940,2000,SUBURB,214.67303655186086,85,Renovated
1314,375420.0299542565,1911,2010,CITY CENTER,285.70778535331544,114,Renovated
845,213126.63127067432,1934,2000,INLAND,252.22086540908202,91,Renovated
2849,196877.90813475216,2006,2010,CITY CENTER,69.10421485951287,19,Renovated
862,103303.74235293138,1964,2015,CITY CENTER,119.8419284836791,61,Renovated
2943,831632.1195194287,1954,2010,NEAR BAY,282.5797212094559,71,Renovated
2765,313176.6416735423,1944,2020,CITY CENTER,113.26460820019614,81,Renovated
2688,659346.5247848098,1978,0,NEAR BAY,245.29260594672982,47,Not Renovated
3505,898272.0866825267,1989,2015,NEAR BAY,256.28304898217596,36,Renovated
3781,657376.100796493,2000,2015,SUBURB,173.86302586524545,25,Renovated
1484,217535.44555372506,1984,2020,NEAR BAY,146.58722746207889,41,Renovated
2139,347654.04023646645,1961,2010,NEAR BAY,162.5311081049399,64,Renovated
1327,141645.53735570956,1948,0,SUBURB,106.74117359134104,77,Not Renovated
3230,879683.1647740417,1994,2010,CITY CENTER,272.3477290322111,31,Renovated
4031,655661.9590694136,1924,2000,INLAND,162.65491418243948,101,Renovated
4951,1339814.1724245376,1922,2010,INLAND,270.61486011402496,103,Renovated
3435,262514.2758695129,1923,2015,INLAND,76.42336997656852,102,Renovated
4376,1299973.1464741437,2020,0,CITY CENTER,297.06881775003285,5,Not Renovated
626,100672.23818492626,1937,2010,NEAR BAY,160.81827186090456,88,Renovated
3677,227818.48164728144,1927,0,INLAND,61.95770509852636,98,Not Renovated
3556,211601.4230830974,1920,0,CITY CENTER,59.50546205936373,105,Not Renovated
1103,260916.651250617,1953,2000,NEAR BAY,236.55181437045965,72,Renovated
3949,848082.8311425839,2006,2000,SUBURB,214.7588835509202,19,Renovated
4646,1163974.6432651929,1917,2015,INLAND,250.53263953189688,108,Renovated
4033,307886.8161079166,1935,2020,NEAR BAY,76.34188348820149,90,Renovated
3867,227738.1357066164,1998,0,INLAND,58.89271675888709,27,Not Renovated
3868,685196.1728958084,1944,2020,INLAND,177.1448223618946,81,Renovated
4297,631224.1774203653,2018,2015,INLAND,146.8988078706924,7,Renovated
2292,379295.5947124577,1972,0,NEAR BAY,165.48673416773894,53,Not Renovated
3361,1001232.1605532477,1952,0,CITY CENTER,297.8971022175685,73,Not Renovated
3976,1163725.457924646,2001,2020,NEAR BAY,292.6874894176675,24,Renovated
3917,1118612.345337474,2021,2010,INLAND,285.5788474182982,4,Renovated
2145,527585.6354166651,1929,2000,NEAR BAY,245.96066919191847,96,Renovated
1705,236501.12980949949,1959,2010,SUBURB,138.71034006422258,66,Renovated
3530,540205.5459568959,2007,2020,CITY CENTER,153.0327325656929,18,Renovated
3372,631926.3248550533,1997,2000,NEAR BAY,187.40401092973113,28,Renovated
3572,920267.2695695221,1931,2010,SUBURB,257.63361410121,94,Renovated
2354,158137.50193700058,1966,2000,CITY CENTER,67.17820812956694,59,Renovated
4521,705611.5552713948,1966,0,SUBURB,156.07422147122202,59,Not Renovated
3208,226659.36609433347,1927,2010,CITY CENTER,70.65441586481717,98,Renovated
4002,715014.9153667984,1943,2000,NEAR BAY,178.6643966433779,82,Renovated
1832,503296.5773948558,1978,2000,SUBURB,274.72520600155883,47,Renovated
701,172180.48302983012,1940,2000,INLAND,245.6212311409845,85,Renovated
4007,428591.1417738104,1962,2010,SUBURB,106.96060438577749,63,Renovated
4712,1385317.2208273776,1922,2015,CITY CENTER,293.9977123996981,103,Renovated
1074,232883.581875466,2003,2010,NEAR BAY,216.8375995116071,22,Renovated
1036,54500.774143927396,1974,2020,CITY CENTER,52.60692484935077,51,Renovated
2125,241938.41373902286,1947,2010,SUBURB,113.85337117130487,78,Renovated
2622,301997.5680975053,1931,2000,SUBURB,115.17832497997914,94,Renovated
885,59572.51526574651,2021,0,INLAND,67.31357657146498,4,Not Renovated
3781,1096326.016211272,2022,2010,NEAR BAY,289.95662951898225,3,Renovated
974,165155.16422923742,1956,2010,NEAR BAY,169.56382364398092,69,Renovated
917,251215.49644750395,2017,2000,SUBURB,273.9536493429705,8,Renovated
4100,535270.8910307441,1999,0,NEAR BAY,130.55387586115708,26,Not Renovated
1454,118222.40285233267,2023,0,INLAND,81.30839260820679,2,Not Renovated
1705,287435.7668475237,1932,2020,CITY CENTER,168.58402747655347,93,Renovated
4620,362619.9130950363,1923,2010,NEAR BAY,78.48915867857929,102,Renovated
2490,427044.6506035186,1938,0,SUBURB,171.50387574438497,87,Not Renovated
4072,1140462.5304813571,1933,0,CITY CENTER,280.07429530485194,92,Not Renovated
4880,879337.1330377395,1955,2015,CITY CENTER,180.1920354585532,70,Renovated
4658,950813.9319693246,1927,2015,INLAND,204.12493172377086,98,Renovated
3213,286469.82449921157,1936,0,SUBURB,89.1596092434521,89,Not Renovated
2703,164704.34918838937,1906,2020,NEAR BAY,60.933906469992365,119,Renovated
3620,281281.20577272534,1967,0,SUBURB,77.70199054495176,58,Not Renovated
1466,292661.82248832,1936,2000,CITY CENTER,199.6328939210914,89,Renovated
3932,289996.50010943547,1955,2010,SUBURB,73.75292474807617,70,Renovated
1188,171069.8883125695,1964,2020,NEAR BAY,143.99822248532786,61,Renovated
4743,889421.5183982585,1964,2000,NEAR BAY,187.522985114539,61,Renovated
4201,618232.6017609967,1946,2020,INLAND,147.16319965746175,79,Renovated
841,76464.51925807964,1919,2000,NEAR BAY,90.92095036632537,106,Renovated
2224,263427.9669778432,1918,2010,NEAR BAY,118.44782687852661,107,Renovated
4922,1388394.724170174,1928,2010,SUBURB,282.07938321214425,97,Renovated
2292,501937.84391098167,1973,2015,SUBURB,218.99556889658885,52,Renovated
2259,393093.01689446595,1959,2000,CITY CENTER,174.01195966997165,66,Renovated
3712,197399.4179078372,1917,2015,INLAND,53.17872249672338,108,Renovated
1489,443876.63283220533,1991,2000,SUBURB,298.1038501223676,34,Renovated
2762,601739.6325447512,1934,2015,NEAR BAY,217.8637337236608,91,Renovated
2982,385365.70686065644,1942,2010,CITY CENTER,129.23061933623623,83,Renovated
1451,391504.70641421585,2010,2020,SUBURB,269.8171649994596,15,Renovated
1222,140050.85999915042,1994,2015,INLAND,114.60790507295451,31,Renovated
3889,723370.1191104302,1990,2000,INLAND,186.0041447956879,35,Renovated
2579,539056.6249148047,1910,2000,CITY CENTER,209.01769093245628,115,Renovated
3217,338640.2164916611,1948,2010,CITY CENTER,105.26584286343211,77,Renovated
2832,834305.2733908219,2012,2000,CITY CENTER,294.59931970014895,13,Renovated
3876,918797.9568936486,1937,0,CITY CENTER,237.04797649474938,88,Not Renovated
2000,378906.612755535,1963,2020,CITY CENTER,189.4533063777675,62,Renovated
785,74691.6898919028,1968,2015,NEAR BAY,95.14864954382523,57,Renovated
3995,253540.8842392786,1907,2020,NEAR BAY,63.46455174950653,118,Renovated
2565,333488.36760408065,1933,2010,SUBURB,130.01495813024587,92,Renovated
1268,302160.3854845487,1947,2015,INLAND,238.2968339783507,78,Renovated
3557,417352.8570150758,2015,2015,NEAR BAY,117.33282457550627,10,Renovated
4789,885433.6849882435,1955,0,NEAR BAY,184.8890551238763,70,Not Renovated
2661,617316.8593201269,1975,2010,NEAR BAY,231.9867941826858,50,Renovated
3793,292007.6274135098,2001,2000,SUBURB,76.98592866161609,24,Renovated
1446,320035.2328258882,1964,0,CITY CENTER,221.32450402896833,61,Not Renovated
3835,279831.21359200537,1930,0,SUBURB,72.96772192751118,95,Not Renovated
4650,1354463.3252226333,1903,2020,INLAND,291.2824355317491,122,Renovated
1981,340927.19291466137,2012,2020,INLAND,172.0985325162349,13,Renovated
2401,210493.3336528539,2008,2020,INLAND,87.66902692746935,17,Renovated
3951,535739.4364921355,1949,0,INLAND,135.59590900838663,76,Not Renovated
4564,699908.1686458932,1968,2000,NEAR BAY,153.35411232381534,57,Renovated
554,132708.62403410042,1929,2015,NEAR BAY,239.54625276913433,96,Renovated
2323,547893.3637639908,2019,2020,SUBURB,235.8559465191523,6,Renovated
3962,804227.0705366264,1987,2000,CITY CENTER,202.98512633433276,38,Renovated
3579,273731.50506171153,1958,2010,INLAND,76.48267813962323,67,Renovated
1332,117072.6007386953,1966,2020,SUBURB,87.8923428969184,59,Renovated
4908,360439.741632098,1974,2015,NEAR BAY,73.43923016138916,51,Renovated
3306,642333.3053871602,1944,2010,NEAR BAY,194.29319582188754,81,Renovated
2990,805160.9850297745,1903,2010,CITY CENTER,269.284610377851,122,Renovated
827,131038.25590867407,1925,2015,CITY CENTER,158.45012806369294,100,Renovated
3810,343707.88569475326,1926,2020,CITY CENTER,90.21204348943655,99,Renovated
3800,720140.2088915186,1945,0,SUBURB,189.51058128724176,80,Not Renovated
4175,1056016.3763535847,2017,2015,NEAR BAY,252.93805421642747,8,Renovated
3554,836711.1666542384,2006,2015,NEAR BAY,235.42801537823252,19,Renovated
2643,714568.6026702704,1963,2015,CITY CENTER,270.3626949187553,62,Renovated
1811,216370.17452942493,1990,2010,INLAND,119.47552431221696,35,Renovated
3691,363520.93102133926,2005,2000,CITY CENTER,98.48846681694371,20,Renovated
3038,820120.6210729025,1950,0,SUBURB,269.9541214854847,75,Not Renovated
4483,961110.7205459694,1949,2020,CITY CENTER,214.39007819450578,76,Renovated
664,84814.202381254,1905,2020,CITY CENTER,127.73223250188855,120,Renovated
4777,1125399.159396219,1958,2000,SUBURB,235.58701264312728,67,Renovated
1322,335496.6260707616,2024,2015,CITY CENTER,253.77959612009198,1,Renovated
1443,294003.4002030635,1914,0,NEAR BAY,203.7445600852831,111,Not Renovated
4925,1093207.3102896453,2016,2020,INLAND,221.97102746997874,9,Renovated
1274,183220.2795649892,1929,2020,CITY CENTER,143.81497611066658,96,Renovated
2698,498250.22762287984,1941,2015,SUBURB,184.67391683575977,84,Renovated
3656,661881.4820437124,2000,2000,INLAND,181.0397926815406,25,Renovated
4742,1242460.65638553,2021,0,SUBURB,262.01194778269297,4,Not Renovated
4195,1090662.224320939,2024,2000,INLAND,259.99099507054564,1,Renovated
3952,1020288.3037148785,1936,2000,INLAND,258.17011733676077,89,Renovated
1414,74599.67564178165,1941,0,CITY CENTER,52.757903565616445,84,Not Renovated
1808,429194.5589799375,2023,0,NEAR BAY,237.38637111722207,2,Not Renovated
4677,1120932.3691372925,2000,2020,CITY CENTER,239.66909752775123,25,Renovated
1013,222449.43688806467,1934,2020,SUBURB,219.59470571378546,91,Renovated
2420,578540.1180243288,1986,0,SUBURB,239.06616447286316,39,Not Renovated
4094,1066456.6752268812,1905,2010,INLAND,260.49259287417715,120,Renovated
1909,319909.7685700772,1967,2020,INLAND,167.57976352544642,58,Renovated
3690,647641.3219430924,1917,2010,NEAR BAY,175.51255337211177,108,Renovated
4991,405161.96451118746,2023,0,CITY CENTER,81.17851422784761,2,Not Renovated
2055,300736.8599155822,1972,2020,SUBURB,146.34397076184047,53,Renovated
1304,274937.0486512417,2012,2000,INLAND,210.8412949779461,13,Renovated
1779,436032.8004415004,1928,0,NEAR BAY,245.09994403681864,97,Not Renovated
4077,425240.37282176636,1976,2015,SUBURB,104.30227442280264,49,Renovated
3401,287233.9200101399,1958,2010,INLAND,84.45572478980884,67,Renovated
1887,407140.0656231072,1946,0,SUBURB,215.76050112512306,79,Not Renovated
3261,164582.5750436834,2015,0,NEAR BAY,50.46997088122766,10,Not Renovated
3179,300711.61137825035,1916,2020,NEAR BAY,94.59314607683245,109,Renovated
2606,149240.00429408587,2008,2020,SUBURB,57.26784508598844,17,Renovated
4723,433199.6029071389,1995,2020,CITY CENTER,91.72127946371774,30,Renovated
3268,311537.85169913777,2011,2015,SUBURB,95.3298199813763,14,Renovated
